insert into `SURVEY` (`ID`, `USER_ID`, `SERVICE_ID`, `TITLE`, `DESCRIPTION`, `WELCOME_TEXT`, `END_TEXT`, `END_URL`, `END_URL_DESCRIPTION`, `TERMINATION_TEXT`, `ACTIVE`, `START_TIME`, `EXPIRY_TIME`, `QUESTION_COUNT`, `CREATE_TIME`, `UPDATE_TIME`) values('2','E355','ERP','情商测试问卷','为了给您提供更好的服务，希望您能抽出几分钟时间，将您的感受和建议告诉我们，我们非常重视每位用户的宝贵意见，期待您的参与！现在我们就马上开始吧！','欢迎填写问卷！','问卷到此结束，感谢你的参与！','http://www.baidu.com','百度一下，你就知道','问卷被终止',true,'2017-05-26 11:04:07','2018-05-26 11:04:07','20','2017-08-29 16:25:15','2017-08-29 16:25:15');
insert into `SURVEY` (`ID`, `USER_ID`, `SERVICE_ID`, `TITLE`, `DESCRIPTION`, `WELCOME_TEXT`, `END_TEXT`, `END_URL`, `END_URL_DESCRIPTION`, `TERMINATION_TEXT`, `ACTIVE`, `START_TIME`, `EXPIRY_TIME`, `QUESTION_COUNT`, `CREATE_TIME`, `UPDATE_TIME`) values('3','E355','ERP','社交网站满意度问卷','为了给您提供更好的服务，希望您能抽出几分钟时间，将您的感受和建议告诉我们，我们非常重视每位用户的宝贵意见，期待您的参与！现在我们就马上开始吧！','欢迎填写问卷！','问卷到此结束，感谢你的参与！','http://www.baidu.com','百度一下，你就知道','问卷被终止',true,'2017-05-26 11:04:07','2018-05-26 11:04:07','20','2017-08-29 16:25:15','2017-08-29 16:25:15');
insert into `SURVEY` (`ID`, `USER_ID`, `SERVICE_ID`, `TITLE`, `DESCRIPTION`, `WELCOME_TEXT`, `END_TEXT`, `END_URL`, `END_URL_DESCRIPTION`, `TERMINATION_TEXT`, `ACTIVE`, `START_TIME`, `EXPIRY_TIME`, `QUESTION_COUNT`, `CREATE_TIME`, `UPDATE_TIME`) values('4','E355','ERP','购物网用户满意度调查','为了给您提供更好的服务，希望您能抽出几分钟时间，将您的感受和建议告诉我们，我们非常重视每位用户的宝贵意见，期待您的参与！现在我们就马上开始吧！','欢迎填写问卷！','问卷到此结束，感谢你的参与！','http://www.baidu.com','百度一下，你就知道','问卷被终止',true,'2017-05-26 11:04:07','2018-05-26 11:04:07','20','2017-08-29 16:25:15','2017-08-29 16:25:15');
insert into `SURVEY` (`ID`, `USER_ID`, `SERVICE_ID`, `TITLE`, `DESCRIPTION`, `WELCOME_TEXT`, `END_TEXT`, `END_URL`, `END_URL_DESCRIPTION`, `TERMINATION_TEXT`, `ACTIVE`, `START_TIME`, `EXPIRY_TIME`, `QUESTION_COUNT`, `CREATE_TIME`, `UPDATE_TIME`) values('5','E355','ERP','数码家电类产品满意度','为了给您提供更好的服务，希望您能抽出几分钟时间，将您的感受和建议告诉我们，我们非常重视每位用户的宝贵意见，期待您的参与！现在我们就马上开始吧！','欢迎填写问卷！','问卷到此结束，感谢你的参与！','http://www.baidu.com','百度一下，你就知道','问卷被终止',true,'2017-05-26 11:04:07','2018-05-26 11:04:07','20','2017-08-29 16:25:15','2017-08-29 16:25:15');
insert into `SURVEY` (`ID`, `USER_ID`, `SERVICE_ID`, `TITLE`, `DESCRIPTION`, `WELCOME_TEXT`, `END_TEXT`, `END_URL`, `END_URL_DESCRIPTION`, `TERMINATION_TEXT`, `ACTIVE`, `START_TIME`, `EXPIRY_TIME`, `QUESTION_COUNT`, `CREATE_TIME`, `UPDATE_TIME`) values('6','E355','ERP','网购消费者的行为习惯调查','为了给您提供更好的服务，希望您能抽出几分钟时间，将您的感受和建议告诉我们，我们非常重视每位用户的宝贵意见，期待您的参与！现在我们就马上开始吧！','欢迎填写问卷！','问卷到此结束，感谢你的参与！','http://www.baidu.com','百度一下，你就知道','问卷被终止',true,'2017-05-26 11:04:07','2018-05-26 11:04:07','20','2017-08-29 16:25:15','2017-08-29 16:25:15');
insert into `SURVEY` (`ID`, `USER_ID`, `SERVICE_ID`, `TITLE`, `DESCRIPTION`, `WELCOME_TEXT`, `END_TEXT`, `END_URL`, `END_URL_DESCRIPTION`, `TERMINATION_TEXT`, `ACTIVE`, `START_TIME`, `EXPIRY_TIME`, `QUESTION_COUNT`, `CREATE_TIME`, `UPDATE_TIME`) values('7','E355','ERP','餐饮类团购用户满意度问卷','为了给您提供更好的服务，希望您能抽出几分钟时间，将您的感受和建议告诉我们，我们非常重视每位用户的宝贵意见，期待您的参与！现在我们就马上开始吧！','欢迎填写问卷！','问卷到此结束，感谢你的参与！','http://www.baidu.com','百度一下，你就知道','问卷被终止',true,'2017-05-26 11:04:07','2018-05-26 11:04:07','20','2017-08-29 16:25:15','2017-08-29 16:25:15');
insert into `SURVEY` (`ID`, `USER_ID`, `SERVICE_ID`, `TITLE`, `DESCRIPTION`, `WELCOME_TEXT`, `END_TEXT`, `END_URL`, `END_URL_DESCRIPTION`, `TERMINATION_TEXT`, `ACTIVE`, `START_TIME`, `EXPIRY_TIME`, `QUESTION_COUNT`, `CREATE_TIME`, `UPDATE_TIME`) values('8','E355','ERP','圣诞狂欢市场调查问卷','为了给您提供更好的服务，希望您能抽出几分钟时间，将您的感受和建议告诉我们，我们非常重视每位用户的宝贵意见，期待您的参与！现在我们就马上开始吧！','欢迎填写问卷！','问卷到此结束，感谢你的参与！','http://www.baidu.com','百度一下，你就知道','问卷被终止',true,'2017-05-26 11:04:07','2018-05-26 11:04:07','20','2017-08-29 16:25:15','2017-08-29 16:25:15');
insert into `SURVEY` (`ID`, `USER_ID`, `SERVICE_ID`, `TITLE`, `DESCRIPTION`, `WELCOME_TEXT`, `END_TEXT`, `END_URL`, `END_URL_DESCRIPTION`, `TERMINATION_TEXT`, `ACTIVE`, `START_TIME`, `EXPIRY_TIME`, `QUESTION_COUNT`, `CREATE_TIME`, `UPDATE_TIME`) values('9','E355','ERP','团购网站用户满意度问卷','为了给您提供更好的服务，希望您能抽出几分钟时间，将您的感受和建议告诉我们，我们非常重视每位用户的宝贵意见，期待您的参与！现在我们就马上开始吧！','欢迎填写问卷！','问卷到此结束，感谢你的参与！','http://www.baidu.com','百度一下，你就知道','问卷被终止',true,'2017-05-26 11:04:07','2018-05-26 11:04:07','20','2017-08-29 16:25:15','2017-08-29 16:25:15');
insert into `SURVEY` (`ID`, `USER_ID`, `SERVICE_ID`, `TITLE`, `DESCRIPTION`, `WELCOME_TEXT`, `END_TEXT`, `END_URL`, `END_URL_DESCRIPTION`, `TERMINATION_TEXT`, `ACTIVE`, `START_TIME`, `EXPIRY_TIME`, `QUESTION_COUNT`, `CREATE_TIME`, `UPDATE_TIME`) values('10','E355','ERP','旅游电子商务-消费心理与消费行为调查问卷','为了给您提供更好的服务，希望您能抽出几分钟时间，将您的感受和建议告诉我们，我们非常重视每位用户的宝贵意见，期待您的参与！现在我们就马上开始吧！','欢迎填写问卷！','问卷到此结束，感谢你的参与！','http://www.baidu.com','百度一下，你就知道','问卷被终止',true,'2017-05-26 11:04:07','2018-05-26 11:04:07','20','2017-08-29 16:25:15','2017-08-29 16:25:15');
insert into `SURVEY` (`ID`, `USER_ID`, `SERVICE_ID`, `TITLE`, `DESCRIPTION`, `WELCOME_TEXT`, `END_TEXT`, `END_URL`, `END_URL_DESCRIPTION`, `TERMINATION_TEXT`, `ACTIVE`, `START_TIME`, `EXPIRY_TIME`, `QUESTION_COUNT`, `CREATE_TIME`, `UPDATE_TIME`) values('11','E355','CRM','玩具网站用户满意度问卷','为了给您提供更好的服务，希望您能抽出几分钟时间，将您的感受和建议告诉我们，我们非常重视每位用户的宝贵意见，期待您的参与！现在我们就马上开始吧！','欢迎填写问卷！','问卷到此结束，感谢你的参与！','http://www.baidu.com','百度一下，你就知道','问卷被终止',true,'2017-05-26 11:04:07','2018-05-26 11:04:07','20','2017-07-12 10:28:43','2017-07-12 10:28:43');
insert into `SURVEY` (`ID`, `USER_ID`, `SERVICE_ID`, `TITLE`, `DESCRIPTION`, `WELCOME_TEXT`, `END_TEXT`, `END_URL`, `END_URL_DESCRIPTION`, `TERMINATION_TEXT`, `ACTIVE`, `START_TIME`, `EXPIRY_TIME`, `QUESTION_COUNT`, `CREATE_TIME`, `UPDATE_TIME`) values('12','E355','ERP','服务需求','为了给您提供更好的服务，希望您能抽出几分钟时间，将您的感受和建议告诉我们，我们非常重视每位用户的宝贵意见，期待您的参与！现在我们就马上开始吧！','欢迎填写问卷！','问卷到此结束，感谢你的参与！','http://www.baidu.com','百度一下，你就知道','问卷被终止',true,'2017-05-26 11:04:07','2018-05-26 11:04:07','20','2017-08-29 16:25:15','2017-08-29 16:25:15');
insert into `SURVEY` (`ID`, `USER_ID`, `SERVICE_ID`, `TITLE`, `DESCRIPTION`, `WELCOME_TEXT`, `END_TEXT`, `END_URL`, `END_URL_DESCRIPTION`, `TERMINATION_TEXT`, `ACTIVE`, `START_TIME`, `EXPIRY_TIME`, `QUESTION_COUNT`, `CREATE_TIME`, `UPDATE_TIME`) values('13','E355','ERP','PC端游、页游满意度问卷','为了给您提供更好的服务，希望您能抽出几分钟时间，将您的感受和建议告诉我们，我们非常重视每位用户的宝贵意见，期待您的参与！现在我们就马上开始吧！','欢迎填写问卷！','问卷到此结束，感谢你的参与！','http://www.baidu.com','百度一下，你就知道','问卷被终止',true,'2017-05-26 11:04:07','2018-05-26 11:04:07','20','2017-08-29 16:25:15','2017-08-29 16:25:15');
insert into `SURVEY` (`ID`, `USER_ID`, `SERVICE_ID`, `TITLE`, `DESCRIPTION`, `WELCOME_TEXT`, `END_TEXT`, `END_URL`, `END_URL_DESCRIPTION`, `TERMINATION_TEXT`, `ACTIVE`, `START_TIME`, `EXPIRY_TIME`, `QUESTION_COUNT`, `CREATE_TIME`, `UPDATE_TIME`) values('14','E355','ERP','“双十一”电商促销行为对消费者的影响','为了给您提供更好的服务，希望您能抽出几分钟时间，将您的感受和建议告诉我们，我们非常重视每位用户的宝贵意见，期待您的参与！现在我们就马上开始吧！','欢迎填写问卷！','问卷到此结束，感谢你的参与！','http://www.baidu.com','百度一下，你就知道','问卷被终止',true,'2017-05-26 11:04:07','2018-05-26 11:04:07','20','2017-08-29 16:25:15','2017-08-29 16:25:15');
insert into `SURVEY` (`ID`, `USER_ID`, `SERVICE_ID`, `TITLE`, `DESCRIPTION`, `WELCOME_TEXT`, `END_TEXT`, `END_URL`, `END_URL_DESCRIPTION`, `TERMINATION_TEXT`, `ACTIVE`, `START_TIME`, `EXPIRY_TIME`, `QUESTION_COUNT`, `CREATE_TIME`, `UPDATE_TIME`) values('15','E355','ERP','员工满意度问卷','为了给您提供更好的服务，希望您能抽出几分钟时间，将您的感受和建议告诉我们，我们非常重视每位用户的宝贵意见，期待您的参与！现在我们就马上开始吧！','欢迎填写问卷！','问卷到此结束，感谢你的参与！','http://www.baidu.com','百度一下，你就知道','问卷被终止',true,'2017-05-26 11:04:07','2018-05-26 11:04:07','20','2017-08-29 16:25:15','2017-08-29 16:25:15');
insert into `SURVEY` (`ID`, `USER_ID`, `SERVICE_ID`, `TITLE`, `DESCRIPTION`, `WELCOME_TEXT`, `END_TEXT`, `END_URL`, `END_URL_DESCRIPTION`, `TERMINATION_TEXT`, `ACTIVE`, `START_TIME`, `EXPIRY_TIME`, `QUESTION_COUNT`, `CREATE_TIME`, `UPDATE_TIME`) values('16','E355','ERP','“双十一”电商促销活动的参与情况调查','为了给您提供更好的服务，希望您能抽出几分钟时间，将您的感受和建议告诉我们，我们非常重视每位用户的宝贵意见，期待您的参与！现在我们就马上开始吧！','欢迎填写问卷！','问卷到此结束，感谢你的参与！','http://www.baidu.com','百度一下，你就知道','问卷被终止',true,'2017-05-26 11:04:07','2018-05-26 11:04:07','20','2017-08-29 16:25:15','2017-08-29 16:25:15');
insert into `SURVEY` (`ID`, `USER_ID`, `SERVICE_ID`, `TITLE`, `DESCRIPTION`, `WELCOME_TEXT`, `END_TEXT`, `END_URL`, `END_URL_DESCRIPTION`, `TERMINATION_TEXT`, `ACTIVE`, `START_TIME`, `EXPIRY_TIME`, `QUESTION_COUNT`, `CREATE_TIME`, `UPDATE_TIME`) values('17','E355','ERP','国际标准智商测试问卷','为了给您提供更好的服务，希望您能抽出几分钟时间，将您的感受和建议告诉我们，我们非常重视每位用户的宝贵意见，期待您的参与！现在我们就马上开始吧！','欢迎填写问卷！','问卷到此结束，感谢你的参与！','http://www.baidu.com','百度一下，你就知道','问卷被终止',true,'2017-05-26 11:04:07','2018-05-26 11:04:07','20','2017-08-29 16:25:15','2017-08-29 16:25:15');
insert into `SURVEY` (`ID`, `USER_ID`, `SERVICE_ID`, `TITLE`, `DESCRIPTION`, `WELCOME_TEXT`, `END_TEXT`, `END_URL`, `END_URL_DESCRIPTION`, `TERMINATION_TEXT`, `ACTIVE`, `START_TIME`, `EXPIRY_TIME`, `QUESTION_COUNT`, `CREATE_TIME`, `UPDATE_TIME`) values('18','E355','ERP','网购用户的消费者维权意识','为了给您提供更好的服务，希望您能抽出几分钟时间，将您的感受和建议告诉我们，我们非常重视每位用户的宝贵意见，期待您的参与！现在我们就马上开始吧！','欢迎填写问卷！','问卷到此结束，感谢你的参与！','http://www.baidu.com','百度一下，你就知道','问卷被终止',true,'2017-05-26 11:04:07','2018-05-26 11:04:07','20','2017-08-29 16:25:15','2017-08-29 16:25:15');
insert into `SURVEY` (`ID`, `USER_ID`, `SERVICE_ID`, `TITLE`, `DESCRIPTION`, `WELCOME_TEXT`, `END_TEXT`, `END_URL`, `END_URL_DESCRIPTION`, `TERMINATION_TEXT`, `ACTIVE`, `START_TIME`, `EXPIRY_TIME`, `QUESTION_COUNT`, `CREATE_TIME`, `UPDATE_TIME`) values('19','E355','ERP','网络商家的代运营需求调研','为了给您提供更好的服务，希望您能抽出几分钟时间，将您的感受和建议告诉我们，我们非常重视每位用户的宝贵意见，期待您的参与！现在我们就马上开始吧！','欢迎填写问卷！','问卷到此结束，感谢你的参与！','http://www.baidu.com','百度一下，你就知道','问卷被终止',true,'2017-05-26 11:04:07','2018-05-26 11:04:07','20','2017-08-29 16:25:15','2017-08-29 16:25:15');
insert into `SURVEY` (`ID`, `USER_ID`, `SERVICE_ID`, `TITLE`, `DESCRIPTION`, `WELCOME_TEXT`, `END_TEXT`, `END_URL`, `END_URL_DESCRIPTION`, `TERMINATION_TEXT`, `ACTIVE`, `START_TIME`, `EXPIRY_TIME`, `QUESTION_COUNT`, `CREATE_TIME`, `UPDATE_TIME`) values('20','E355','ERP','点餐App(手机软件)使用需求','为了给您提供更好的服务，希望您能抽出几分钟时间，将您的感受和建议告诉我们，我们非常重视每位用户的宝贵意见，期待您的参与！现在我们就马上开始吧！','欢迎填写问卷！','问卷到此结束，感谢你的参与！','http://www.baidu.com','百度一下，你就知道','问卷被终止',true,'2017-05-26 11:04:07','2018-05-26 11:04:07','20','2017-08-29 16:25:15','2017-08-29 16:25:15');
insert into `SURVEY` (`ID`, `USER_ID`, `SERVICE_ID`, `TITLE`, `DESCRIPTION`, `WELCOME_TEXT`, `END_TEXT`, `END_URL`, `END_URL_DESCRIPTION`, `TERMINATION_TEXT`, `ACTIVE`, `START_TIME`, `EXPIRY_TIME`, `QUESTION_COUNT`, `CREATE_TIME`, `UPDATE_TIME`) values('21','E355','ERP','旅游网站用户小调查','为了给您提供更好的服务，希望您能抽出几分钟时间，将您的感受和建议告诉我们，我们非常重视每位用户的宝贵意见，期待您的参与！现在我们就马上开始吧！','欢迎填写问卷！','问卷到此结束，感谢你的参与！','http://www.baidu.com','百度一下，你就知道','问卷被终止',true,'2017-05-26 11:04:07','2018-05-26 11:04:07','20','2017-08-29 16:25:15','2017-08-29 16:25:15');
insert into `SURVEY` (`ID`, `USER_ID`, `SERVICE_ID`, `TITLE`, `DESCRIPTION`, `WELCOME_TEXT`, `END_TEXT`, `END_URL`, `END_URL_DESCRIPTION`, `TERMINATION_TEXT`, `ACTIVE`, `START_TIME`, `EXPIRY_TIME`, `QUESTION_COUNT`, `CREATE_TIME`, `UPDATE_TIME`) values('22','E355','ERP','服务质量','为了给您提供更好的服务，希望您能抽出几分钟时间，将您的感受和建议告诉我们，我们非常重视每位用户的宝贵意见，期待您的参与！现在我们就马上开始吧！','欢迎填写问卷！','问卷到此结束，感谢你的参与！','http://www.baidu.com','百度一下，你就知道','问卷被终止',true,'2017-05-26 11:04:07','2018-05-26 11:04:07','20','2017-08-29 16:25:15','2017-08-29 16:25:15');
insert into `SURVEY` (`ID`, `USER_ID`, `SERVICE_ID`, `TITLE`, `DESCRIPTION`, `WELCOME_TEXT`, `END_TEXT`, `END_URL`, `END_URL_DESCRIPTION`, `TERMINATION_TEXT`, `ACTIVE`, `START_TIME`, `EXPIRY_TIME`, `QUESTION_COUNT`, `CREATE_TIME`, `UPDATE_TIME`) values('23','E355','ERP','手游满意度问卷','为了给您提供更好的服务，希望您能抽出几分钟时间，将您的感受和建议告诉我们，我们非常重视每位用户的宝贵意见，期待您的参与！现在我们就马上开始吧！','欢迎填写问卷！','问卷到此结束，感谢你的参与！','http://www.baidu.com','百度一下，你就知道','问卷被终止',true,'2017-05-26 11:04:07','2018-05-26 11:04:07','20','2017-08-29 16:25:15','2017-08-29 16:25:15');
insert into `SURVEY` (`ID`, `USER_ID`, `SERVICE_ID`, `TITLE`, `DESCRIPTION`, `WELCOME_TEXT`, `END_TEXT`, `END_URL`, `END_URL_DESCRIPTION`, `TERMINATION_TEXT`, `ACTIVE`, `START_TIME`, `EXPIRY_TIME`, `QUESTION_COUNT`, `CREATE_TIME`, `UPDATE_TIME`) values('24','E355','ERP','商家自助在线外卖业务的需求调查','为了给您提供更好的服务，希望您能抽出几分钟时间，将您的感受和建议告诉我们，我们非常重视每位用户的宝贵意见，期待您的参与！现在我们就马上开始吧！','欢迎填写问卷！','问卷到此结束，感谢你的参与！','http://www.baidu.com','百度一下，你就知道','问卷被终止',true,'2017-05-26 11:04:07','2018-05-26 11:04:07','20','2017-08-29 16:25:15','2017-08-29 16:25:15');
insert into `SURVEY` (`ID`, `USER_ID`, `SERVICE_ID`, `TITLE`, `DESCRIPTION`, `WELCOME_TEXT`, `END_TEXT`, `END_URL`, `END_URL_DESCRIPTION`, `TERMINATION_TEXT`, `ACTIVE`, `START_TIME`, `EXPIRY_TIME`, `QUESTION_COUNT`, `CREATE_TIME`, `UPDATE_TIME`) values('25','E355','ERP','外出就餐调查','为了给您提供更好的服务，希望您能抽出几分钟时间，将您的感受和建议告诉我们，我们非常重视每位用户的宝贵意见，期待您的参与！现在我们就马上开始吧！','欢迎填写问卷！','问卷到此结束，感谢你的参与！','http://www.baidu.com','百度一下，你就知道','问卷被终止',true,'2017-05-26 11:04:07','2018-05-26 11:04:07','20','2017-08-29 16:25:15','2017-08-29 16:25:15');

insert into `SURVEY_SETTING` (`SURVEY_ID`, `RESPONSE_LIMIT`, `TEMPLATE`, `ACCESS_RULE`, `FORMAT`, `LOCALE`, `AUTO_REDIRECT`, `SHOW_GROUP_INFO`, `SHOW_PROGRESS`, `SHOW_QUESTION_INDEX`, `SHOW_RESPONSE`, `SHOW_WELCOME`, `ALLOW_EDIT_AFTER_COMPLETION`, `ALLOW_PREV`, `ALLOW_SUSPEND`, `ENABLE_ASSESSMENT`, `ENABLE_CAPTCHA`) values (2,1000,'https://wj.qq.com/themes/enterprise/assets/background_mobile.jpg','ONCE_PER_USER','ALL_IN_ONE','zh_CN',TRUE,TRUE,TRUE,TRUE,TRUE,TRUE,TRUE,TRUE,TRUE,TRUE,TRUE);
insert into `SURVEY_SETTING` (`SURVEY_ID`, `RESPONSE_LIMIT`, `TEMPLATE`, `ACCESS_RULE`, `FORMAT`, `LOCALE`, `AUTO_REDIRECT`, `SHOW_GROUP_INFO`, `SHOW_PROGRESS`, `SHOW_QUESTION_INDEX`, `SHOW_RESPONSE`, `SHOW_WELCOME`, `ALLOW_EDIT_AFTER_COMPLETION`, `ALLOW_PREV`, `ALLOW_SUSPEND`, `ENABLE_ASSESSMENT`, `ENABLE_CAPTCHA`) values (3,1000,'https://wj.qq.com/themes/enterprise/assets/background_mobile.jpg','ONCE_PER_DEVICE','ALL_IN_ONE','zh_CN',TRUE,TRUE,TRUE,TRUE,TRUE,TRUE,TRUE,TRUE,TRUE,TRUE,TRUE);
insert into `SURVEY_SETTING` (`SURVEY_ID`, `RESPONSE_LIMIT`, `TEMPLATE`, `ACCESS_RULE`, `FORMAT`, `LOCALE`, `AUTO_REDIRECT`, `SHOW_GROUP_INFO`, `SHOW_PROGRESS`, `SHOW_QUESTION_INDEX`, `SHOW_RESPONSE`, `SHOW_WELCOME`, `ALLOW_EDIT_AFTER_COMPLETION`, `ALLOW_PREV`, `ALLOW_SUSPEND`, `ENABLE_ASSESSMENT`, `ENABLE_CAPTCHA`) values (4,1000,'https://wj.qq.com/themes/enterprise/assets/background_mobile.jpg','ONCE_PER_IP','ALL_IN_ONE','zh_CN',TRUE,TRUE,TRUE,TRUE,TRUE,TRUE,TRUE,TRUE,TRUE,TRUE,TRUE);
insert into `SURVEY_SETTING` (`SURVEY_ID`, `RESPONSE_LIMIT`, `TEMPLATE`, `ACCESS_RULE`, `FORMAT`, `LOCALE`, `AUTO_REDIRECT`, `SHOW_GROUP_INFO`, `SHOW_PROGRESS`, `SHOW_QUESTION_INDEX`, `SHOW_RESPONSE`, `SHOW_WELCOME`, `ALLOW_EDIT_AFTER_COMPLETION`, `ALLOW_PREV`, `ALLOW_SUSPEND`, `ENABLE_ASSESSMENT`, `ENABLE_CAPTCHA`) values (5,1000,'https://wj.qq.com/themes/enterprise/assets/background_mobile.jpg','TOKEN','ALL_IN_ONE','zh_CN',TRUE,TRUE,TRUE,TRUE,TRUE,TRUE,TRUE,TRUE,TRUE,TRUE,TRUE);
insert into `SURVEY_SETTING` (`SURVEY_ID`, `RESPONSE_LIMIT`, `TEMPLATE`, `ACCESS_RULE`, `FORMAT`, `LOCALE`, `AUTO_REDIRECT`, `SHOW_GROUP_INFO`, `SHOW_PROGRESS`, `SHOW_QUESTION_INDEX`, `SHOW_RESPONSE`, `SHOW_WELCOME`, `ALLOW_EDIT_AFTER_COMPLETION`, `ALLOW_PREV`, `ALLOW_SUSPEND`, `ENABLE_ASSESSMENT`, `ENABLE_CAPTCHA`) values (6,1000,'https://wj.qq.com/themes/enterprise/assets/background_mobile.jpg','PUBLIC','QUESTION_BY_QUESTION','zh_CN',FALSE,TRUE,TRUE,TRUE,TRUE,TRUE,TRUE,TRUE,TRUE,TRUE,TRUE);
insert into `SURVEY_SETTING` (`SURVEY_ID`, `RESPONSE_LIMIT`, `TEMPLATE`, `ACCESS_RULE`, `FORMAT`, `LOCALE`, `AUTO_REDIRECT`, `SHOW_GROUP_INFO`, `SHOW_PROGRESS`, `SHOW_QUESTION_INDEX`, `SHOW_RESPONSE`, `SHOW_WELCOME`, `ALLOW_EDIT_AFTER_COMPLETION`, `ALLOW_PREV`, `ALLOW_SUSPEND`, `ENABLE_ASSESSMENT`, `ENABLE_CAPTCHA`) values (7,1000,'https://wj.qq.com/themes/enterprise/assets/background_mobile.jpg','ONCE_PER_USER','QUESTION_BY_QUESTION','zh_CN',FALSE,TRUE,TRUE,TRUE,TRUE,TRUE,TRUE,TRUE,TRUE,TRUE,TRUE);
insert into `SURVEY_SETTING` (`SURVEY_ID`, `RESPONSE_LIMIT`, `TEMPLATE`, `ACCESS_RULE`, `FORMAT`, `LOCALE`, `AUTO_REDIRECT`, `SHOW_GROUP_INFO`, `SHOW_PROGRESS`, `SHOW_QUESTION_INDEX`, `SHOW_RESPONSE`, `SHOW_WELCOME`, `ALLOW_EDIT_AFTER_COMPLETION`, `ALLOW_PREV`, `ALLOW_SUSPEND`, `ENABLE_ASSESSMENT`, `ENABLE_CAPTCHA`) values (8,1000,'https://wj.qq.com/themes/enterprise/assets/background_mobile.jpg','ONCE_PER_DEVICE','QUESTION_BY_QUESTION','zh_CN',FALSE,TRUE,TRUE,TRUE,TRUE,TRUE,TRUE,TRUE,TRUE,TRUE,TRUE);
insert into `SURVEY_SETTING` (`SURVEY_ID`, `RESPONSE_LIMIT`, `TEMPLATE`, `ACCESS_RULE`, `FORMAT`, `LOCALE`, `AUTO_REDIRECT`, `SHOW_GROUP_INFO`, `SHOW_PROGRESS`, `SHOW_QUESTION_INDEX`, `SHOW_RESPONSE`, `SHOW_WELCOME`, `ALLOW_EDIT_AFTER_COMPLETION`, `ALLOW_PREV`, `ALLOW_SUSPEND`, `ENABLE_ASSESSMENT`, `ENABLE_CAPTCHA`) values (9,1000,'https://wj.qq.com/themes/enterprise/assets/background_mobile.jpg','ONCE_PER_IP','QUESTION_BY_QUESTION','zh_CN',FALSE,TRUE,TRUE,TRUE,TRUE,TRUE,TRUE,TRUE,TRUE,TRUE,TRUE);
insert into `SURVEY_SETTING` (`SURVEY_ID`, `RESPONSE_LIMIT`, `TEMPLATE`, `ACCESS_RULE`, `FORMAT`, `LOCALE`, `AUTO_REDIRECT`, `SHOW_GROUP_INFO`, `SHOW_PROGRESS`, `SHOW_QUESTION_INDEX`, `SHOW_RESPONSE`, `SHOW_WELCOME`, `ALLOW_EDIT_AFTER_COMPLETION`, `ALLOW_PREV`, `ALLOW_SUSPEND`, `ENABLE_ASSESSMENT`, `ENABLE_CAPTCHA`) values (10,1000,'https://wj.qq.com/themes/enterprise/assets/background_mobile.jpg','TOKEN','QUESTION_BY_QUESTION','zh_CN',FALSE,TRUE,TRUE,TRUE,TRUE,TRUE,TRUE,TRUE,TRUE,TRUE,TRUE);
insert into `SURVEY_SETTING` (`SURVEY_ID`, `RESPONSE_LIMIT`, `TEMPLATE`, `ACCESS_RULE`, `FORMAT`, `LOCALE`, `AUTO_REDIRECT`, `SHOW_GROUP_INFO`, `SHOW_PROGRESS`, `SHOW_QUESTION_INDEX`, `SHOW_RESPONSE`, `SHOW_WELCOME`, `ALLOW_EDIT_AFTER_COMPLETION`, `ALLOW_PREV`, `ALLOW_SUSPEND`, `ENABLE_ASSESSMENT`, `ENABLE_CAPTCHA`) values (11,1000,'https://wj.qq.com/themes/enterprise/assets/background_mobile.jpg','PUBLIC','GROUP_BY_GROUP','zh_CN',TRUE,TRUE,TRUE,TRUE,TRUE,TRUE,TRUE,TRUE,TRUE,TRUE,TRUE);
insert into `SURVEY_SETTING` (`SURVEY_ID`, `RESPONSE_LIMIT`, `TEMPLATE`, `ACCESS_RULE`, `FORMAT`, `LOCALE`, `AUTO_REDIRECT`, `SHOW_GROUP_INFO`, `SHOW_PROGRESS`, `SHOW_QUESTION_INDEX`, `SHOW_RESPONSE`, `SHOW_WELCOME`, `ALLOW_EDIT_AFTER_COMPLETION`, `ALLOW_PREV`, `ALLOW_SUSPEND`, `ENABLE_ASSESSMENT`, `ENABLE_CAPTCHA`) values (12,1000,'https://wj.qq.com/themes/enterprise/assets/background_mobile.jpg','ONCE_PER_USER','GROUP_BY_GROUP','zh_CN',TRUE,TRUE,TRUE,TRUE,TRUE,TRUE,TRUE,TRUE,TRUE,TRUE,TRUE);
insert into `SURVEY_SETTING` (`SURVEY_ID`, `RESPONSE_LIMIT`, `TEMPLATE`, `ACCESS_RULE`, `FORMAT`, `LOCALE`, `AUTO_REDIRECT`, `SHOW_GROUP_INFO`, `SHOW_PROGRESS`, `SHOW_QUESTION_INDEX`, `SHOW_RESPONSE`, `SHOW_WELCOME`, `ALLOW_EDIT_AFTER_COMPLETION`, `ALLOW_PREV`, `ALLOW_SUSPEND`, `ENABLE_ASSESSMENT`, `ENABLE_CAPTCHA`) values (13,1000,'https://wj.qq.com/themes/enterprise/assets/background_mobile.jpg','ONCE_PER_DEVICE','GROUP_BY_GROUP','zh_CN',TRUE,TRUE,TRUE,TRUE,TRUE,TRUE,TRUE,TRUE,TRUE,TRUE,TRUE);
insert into `SURVEY_SETTING` (`SURVEY_ID`, `RESPONSE_LIMIT`, `TEMPLATE`, `ACCESS_RULE`, `FORMAT`, `LOCALE`, `AUTO_REDIRECT`, `SHOW_GROUP_INFO`, `SHOW_PROGRESS`, `SHOW_QUESTION_INDEX`, `SHOW_RESPONSE`, `SHOW_WELCOME`, `ALLOW_EDIT_AFTER_COMPLETION`, `ALLOW_PREV`, `ALLOW_SUSPEND`, `ENABLE_ASSESSMENT`, `ENABLE_CAPTCHA`) values (14,1000,'https://wj.qq.com/themes/enterprise/assets/background_mobile.jpg','ONCE_PER_IP','GROUP_BY_GROUP','zh_CN',TRUE,TRUE,TRUE,TRUE,TRUE,TRUE,TRUE,TRUE,TRUE,TRUE,TRUE);
insert into `SURVEY_SETTING` (`SURVEY_ID`, `RESPONSE_LIMIT`, `TEMPLATE`, `ACCESS_RULE`, `FORMAT`, `LOCALE`, `AUTO_REDIRECT`, `SHOW_GROUP_INFO`, `SHOW_PROGRESS`, `SHOW_QUESTION_INDEX`, `SHOW_RESPONSE`, `SHOW_WELCOME`, `ALLOW_EDIT_AFTER_COMPLETION`, `ALLOW_PREV`, `ALLOW_SUSPEND`, `ENABLE_ASSESSMENT`, `ENABLE_CAPTCHA`) values (15,1000,'https://wj.qq.com/themes/enterprise/assets/background_mobile.jpg','TOKEN','GROUP_BY_GROUP','zh_CN',TRUE,TRUE,TRUE,TRUE,TRUE,TRUE,TRUE,TRUE,TRUE,TRUE,TRUE);
insert into `SURVEY_SETTING` (`SURVEY_ID`, `RESPONSE_LIMIT`, `TEMPLATE`, `ACCESS_RULE`, `FORMAT`, `LOCALE`, `AUTO_REDIRECT`, `SHOW_GROUP_INFO`, `SHOW_PROGRESS`, `SHOW_QUESTION_INDEX`, `SHOW_RESPONSE`, `SHOW_WELCOME`, `ALLOW_EDIT_AFTER_COMPLETION`, `ALLOW_PREV`, `ALLOW_SUSPEND`, `ENABLE_ASSESSMENT`, `ENABLE_CAPTCHA`) values (16,1000,'https://wj.qq.com/themes/enterprise/assets/background_mobile.jpg','PUBLIC','GROUP_BY_GROUP','zh_CN',TRUE,TRUE,TRUE,TRUE,TRUE,TRUE,TRUE,TRUE,TRUE,TRUE,TRUE);
insert into `SURVEY_SETTING` (`SURVEY_ID`, `RESPONSE_LIMIT`, `TEMPLATE`, `ACCESS_RULE`, `FORMAT`, `LOCALE`, `AUTO_REDIRECT`, `SHOW_GROUP_INFO`, `SHOW_PROGRESS`, `SHOW_QUESTION_INDEX`, `SHOW_RESPONSE`, `SHOW_WELCOME`, `ALLOW_EDIT_AFTER_COMPLETION`, `ALLOW_PREV`, `ALLOW_SUSPEND`, `ENABLE_ASSESSMENT`, `ENABLE_CAPTCHA`) values (17,1000,'https://wj.qq.com/themes/enterprise/assets/background_mobile.jpg','ONCE_PER_USER','GROUP_BY_GROUP','zh_CN',TRUE,TRUE,TRUE,TRUE,TRUE,TRUE,TRUE,TRUE,TRUE,TRUE,TRUE);
insert into `SURVEY_SETTING` (`SURVEY_ID`, `RESPONSE_LIMIT`, `TEMPLATE`, `ACCESS_RULE`, `FORMAT`, `LOCALE`, `AUTO_REDIRECT`, `SHOW_GROUP_INFO`, `SHOW_PROGRESS`, `SHOW_QUESTION_INDEX`, `SHOW_RESPONSE`, `SHOW_WELCOME`, `ALLOW_EDIT_AFTER_COMPLETION`, `ALLOW_PREV`, `ALLOW_SUSPEND`, `ENABLE_ASSESSMENT`, `ENABLE_CAPTCHA`) values (18,1000,'https://wj.qq.com/themes/enterprise/assets/background_mobile.jpg','ONCE_PER_DEVICE','GROUP_BY_GROUP','zh_CN',TRUE,TRUE,TRUE,TRUE,TRUE,TRUE,TRUE,TRUE,TRUE,TRUE,TRUE);
insert into `SURVEY_SETTING` (`SURVEY_ID`, `RESPONSE_LIMIT`, `TEMPLATE`, `ACCESS_RULE`, `FORMAT`, `LOCALE`, `AUTO_REDIRECT`, `SHOW_GROUP_INFO`, `SHOW_PROGRESS`, `SHOW_QUESTION_INDEX`, `SHOW_RESPONSE`, `SHOW_WELCOME`, `ALLOW_EDIT_AFTER_COMPLETION`, `ALLOW_PREV`, `ALLOW_SUSPEND`, `ENABLE_ASSESSMENT`, `ENABLE_CAPTCHA`) values (19,1000,'https://wj.qq.com/themes/enterprise/assets/background_mobile.jpg','ONCE_PER_IP','GROUP_BY_GROUP','zh_CN',TRUE,TRUE,TRUE,TRUE,TRUE,TRUE,TRUE,TRUE,TRUE,TRUE,TRUE);
insert into `SURVEY_SETTING` (`SURVEY_ID`, `RESPONSE_LIMIT`, `TEMPLATE`, `ACCESS_RULE`, `FORMAT`, `LOCALE`, `AUTO_REDIRECT`, `SHOW_GROUP_INFO`, `SHOW_PROGRESS`, `SHOW_QUESTION_INDEX`, `SHOW_RESPONSE`, `SHOW_WELCOME`, `ALLOW_EDIT_AFTER_COMPLETION`, `ALLOW_PREV`, `ALLOW_SUSPEND`, `ENABLE_ASSESSMENT`, `ENABLE_CAPTCHA`) values (20,1000,'https://wj.qq.com/themes/enterprise/assets/background_mobile.jpg','TOKEN','GROUP_BY_GROUP','zh_CN',FALSE,FALSE,FALSE,FALSE,FALSE,FALSE,FALSE,FALSE,FALSE,FALSE,FALSE);
insert into `SURVEY_SETTING` (`SURVEY_ID`, `RESPONSE_LIMIT`, `TEMPLATE`, `ACCESS_RULE`, `FORMAT`, `LOCALE`, `AUTO_REDIRECT`, `SHOW_GROUP_INFO`, `SHOW_PROGRESS`, `SHOW_QUESTION_INDEX`, `SHOW_RESPONSE`, `SHOW_WELCOME`, `ALLOW_EDIT_AFTER_COMPLETION`, `ALLOW_PREV`, `ALLOW_SUSPEND`, `ENABLE_ASSESSMENT`, `ENABLE_CAPTCHA`) values (21,1000,'https://wj.qq.com/themes/enterprise/assets/background_mobile.jpg','PUBLIC','GROUP_BY_GROUP','zh_CN',TRUE,TRUE,TRUE,TRUE,TRUE,TRUE,TRUE,TRUE,TRUE,TRUE,TRUE);
insert into `SURVEY_SETTING` (`SURVEY_ID`, `RESPONSE_LIMIT`, `TEMPLATE`, `ACCESS_RULE`, `FORMAT`, `LOCALE`, `AUTO_REDIRECT`, `SHOW_GROUP_INFO`, `SHOW_PROGRESS`, `SHOW_QUESTION_INDEX`, `SHOW_RESPONSE`, `SHOW_WELCOME`, `ALLOW_EDIT_AFTER_COMPLETION`, `ALLOW_PREV`, `ALLOW_SUSPEND`, `ENABLE_ASSESSMENT`, `ENABLE_CAPTCHA`) values (22,1000,'https://wj.qq.com/themes/enterprise/assets/background_mobile.jpg','ONCE_PER_USER','GROUP_BY_GROUP','zh_CN',TRUE,TRUE,TRUE,TRUE,TRUE,TRUE,TRUE,TRUE,TRUE,TRUE,TRUE);
insert into `SURVEY_SETTING` (`SURVEY_ID`, `RESPONSE_LIMIT`, `TEMPLATE`, `ACCESS_RULE`, `FORMAT`, `LOCALE`, `AUTO_REDIRECT`, `SHOW_GROUP_INFO`, `SHOW_PROGRESS`, `SHOW_QUESTION_INDEX`, `SHOW_RESPONSE`, `SHOW_WELCOME`, `ALLOW_EDIT_AFTER_COMPLETION`, `ALLOW_PREV`, `ALLOW_SUSPEND`, `ENABLE_ASSESSMENT`, `ENABLE_CAPTCHA`) values (23,1000,'https://wj.qq.com/themes/enterprise/assets/background_mobile.jpg','ONCE_PER_DEVICE','GROUP_BY_GROUP','zh_CN',TRUE,TRUE,TRUE,TRUE,TRUE,TRUE,TRUE,TRUE,TRUE,TRUE,TRUE);
insert into `SURVEY_SETTING` (`SURVEY_ID`, `RESPONSE_LIMIT`, `TEMPLATE`, `ACCESS_RULE`, `FORMAT`, `LOCALE`, `AUTO_REDIRECT`, `SHOW_GROUP_INFO`, `SHOW_PROGRESS`, `SHOW_QUESTION_INDEX`, `SHOW_RESPONSE`, `SHOW_WELCOME`, `ALLOW_EDIT_AFTER_COMPLETION`, `ALLOW_PREV`, `ALLOW_SUSPEND`, `ENABLE_ASSESSMENT`, `ENABLE_CAPTCHA`) values (24,1000,'https://wj.qq.com/themes/enterprise/assets/background_mobile.jpg','ONCE_PER_IP','GROUP_BY_GROUP','zh_CN',TRUE,TRUE,TRUE,TRUE,TRUE,TRUE,TRUE,TRUE,TRUE,TRUE,TRUE);
insert into `SURVEY_SETTING` (`SURVEY_ID`, `RESPONSE_LIMIT`, `TEMPLATE`, `ACCESS_RULE`, `FORMAT`, `LOCALE`, `AUTO_REDIRECT`, `SHOW_GROUP_INFO`, `SHOW_PROGRESS`, `SHOW_QUESTION_INDEX`, `SHOW_RESPONSE`, `SHOW_WELCOME`, `ALLOW_EDIT_AFTER_COMPLETION`, `ALLOW_PREV`, `ALLOW_SUSPEND`, `ENABLE_ASSESSMENT`, `ENABLE_CAPTCHA`) values (25,1000,'https://wj.qq.com/themes/enterprise/assets/background_mobile.jpg','TOKEN','GROUP_BY_GROUP','zh_CN',FALSE,FALSE,FALSE,FALSE,FALSE,FALSE,FALSE,FALSE,FALSE,FALSE,FALSE);

insert into `SURVEY_ACCESS_TOKEN` (`TOKEN_ID`, `AVAILABLE_LIMIT`, `BLACKLISTED`, `COMPLETED`, `END_TIME`, `START_TIME`, `SURVEY_ID`) values('099B5A57CBFF97FD5C86D2BA762CBC05','20',false,false,'2017-08-30 12:11:15','2017-09-30 12:11:15','5');
insert into `SURVEY_ACCESS_TOKEN` (`TOKEN_ID`, `AVAILABLE_LIMIT`, `BLACKLISTED`, `COMPLETED`, `END_TIME`, `START_TIME`, `SURVEY_ID`) values('099B5A57CBFF97FD5C86D2BA762CBC10','20',false,false,'2017-08-30 12:11:15','2017-09-30 12:11:15','10');
insert into `SURVEY_ACCESS_TOKEN` (`TOKEN_ID`, `AVAILABLE_LIMIT`, `BLACKLISTED`, `COMPLETED`, `END_TIME`, `START_TIME`, `SURVEY_ID`) values('099B5A57CBFF97FD5C86D2BA762CBC15','20',false,false,'2017-08-30 12:11:15','2017-09-30 12:11:15','15');
insert into `SURVEY_ACCESS_TOKEN` (`TOKEN_ID`, `AVAILABLE_LIMIT`, `BLACKLISTED`, `COMPLETED`, `END_TIME`, `START_TIME`, `SURVEY_ID`) values('099B5A57CBFF97FD5C86D2BA762CBC20','20',false,false,'2017-08-30 12:11:15','2017-09-30 12:11:15','20');
insert into `SURVEY_ACCESS_TOKEN` (`TOKEN_ID`, `AVAILABLE_LIMIT`, `BLACKLISTED`, `COMPLETED`, `END_TIME`, `START_TIME`, `SURVEY_ID`) values('099B5A57CBFF97FD5C86D2BA762CBC25','20',false,false,'2017-08-30 12:11:15','2017-09-30 12:11:15','25');